标签,频次
演奏挑战赛,1
钢琴,1
夜萤火虫和你,1
luvsic,1
搞笑小剧场,2
回忆,1
生活,1
高能,3
娱乐,1
帅哥,1
搞笑,2
搞笑视频,1
美的全屋智能,1
美的美享家,1
汽车,1
云南,1
社会,1
犯罪,1
科普,1
4K,1
警察,1
禁毒,1
公安,1
原创,1
猫meme,1
合集,1
三角洲欢乐剧场,1
doge,1
cheems,1
巴克什,1
三角洲行动,1
三角洲S9赛季,1
三角洲回响,1
三角洲S10赛季,1
三角洲裂变,1
大红,1
推荐宝藏游戏,1
老番茄,1
解谜,1
实况,1
密码,1
沙雕,1
password game,1
2026B站毕业歌,1
歌单,1
音乐推荐,1
听歌,1
电台,1
黄家驹,1
音乐,1
灰色轨迹,1
综合,1
Beyond,1
万物研究所,1
西瓜,1
法国,1
中国,1
天气,1
发达国家,1
酷热,1
空调,1
高温,1
生活记录,1
旅游,1
魔幻,1
重庆,1
山城,1
记录,1
城市,1
8D,1
捉迷藏,1
画画躲猫猫,1
嘉豪,1
